Container_ID,Equipment_Type,Arrival_Time,Arrival_Mode,Railcar_ID,Well_Position,Blocked_By
JBHU7253307,53_Dry_Van,2026-08-27T04:02:00+00:00,Rail,TTZX662485,Single,None
SCHU3667526,53_Dry_Van,2026-08-27T04:03:00+00:00,Rail,TTZX709038,Single,None
JBHU1649292,53_Dry_Van,2026-08-27T04:04:00+00:00,Rail,TTZX818187,Single,None
MSKU6293560,40_High_Cube,2026-08-27T04:05:00+00:00,Rail,TTZX539020,Bottom,SUDU7888870
SUDU7888870,40_High_Cube,2026-08-27T04:05:00+00:00,Rail,TTZX539020,Top,None
APLU1315666,40_High_Cube,2026-08-27T04:05:00+00:00,Rail,TTZX770379,Bottom,APLU7030779
APLU7030779,40_High_Cube,2026-08-27T04:05:00+00:00,Rail,TTZX770379,Top,None
SCHU4761732,53_Dry_Van,2026-08-27T04:05:00+00:00,Rail,TTZX330590,Single,None
APLU9027368,20_Standard,2026-08-27T04:06:00+00:00,Rail,TTZX218007,Bottom,MSKU4410101
MSKU4410101,40_High_Cube,2026-08-27T04:06:00+00:00,Rail,TTZX218007,Top,None
SCHU1979314,53_Dry_Van,2026-08-27T04:07:00+00:00,Rail,TTZX435761,Single,None
MSKU2512887,40_High_Cube,2026-08-27T04:07:00+00:00,Rail,TTZX497444,Bottom,SUDU9792417
SUDU9792417,20_Standard,2026-08-27T04:07:00+00:00,Rail,TTZX497444,Top,None
APLU9155780,40_High_Cube,2026-08-27T04:08:00+00:00,Rail,TTZX966123,Bottom,SUDU9517879
SUDU9517879,40_High_Cube,2026-08-27T04:08:00+00:00,Rail,TTZX966123,Top,None
ZIMU6208156,40_High_Cube,2026-08-27T04:09:00+00:00,Rail,TTZX722851,Bottom,EMCU5583401
EMCU5583401,40_High_Cube,2026-08-27T04:09:00+00:00,Rail,TTZX722851,Top,None
HLCU5229282,20_Standard,2026-08-27T04:09:00+00:00,Rail,TTZX978298,Bottom,EMCU2087157
EMCU2087157,40_High_Cube,2026-08-27T04:09:00+00:00,Rail,TTZX978298,Top,None
SUDU1826110,40_High_Cube,2026-08-27T04:13:00+00:00,Rail,TTZX949119,Bottom,SUDU5744046
SUDU5744046,20_Standard,2026-08-27T04:13:00+00:00,Rail,TTZX949119,Top,None
EMCU8572885,20_Standard,2026-08-27T04:13:00+00:00,Rail,TTZX628023,Bottom,SUDU6017910
SUDU6017910,20_Standard,2026-08-27T04:13:00+00:00,Rail,TTZX628023,Top,None
SCHU5654791,53_Dry_Van,2026-08-27T04:14:00+00:00,Rail,TTZX411472,Single,None
HLCU1708651,20_Standard,2026-08-27T04:15:00+00:00,Rail,TTZX555785,Bottom,SUDU1796231
SUDU1796231,40_High_Cube,2026-08-27T04:15:00+00:00,Rail,TTZX555785,Top,None
SCHU8966807,53_Dry_Van,2026-08-27T04:16:00+00:00,Rail,TTZX955084,Single,None
JBHU8060690,53_Dry_Van,2026-08-27T04:17:00+00:00,Rail,TTZX587147,Single,None
HLCU6002879,40_High_Cube,2026-08-27T04:18:00+00:00,Rail,TTZX642105,Bottom,SUDU3892039
SUDU3892039,20_Standard,2026-08-27T04:18:00+00:00,Rail,TTZX642105,Top,None
HLCU6998738,40_High_Cube,2026-08-27T04:19:00+00:00,Rail,TTZX822291,Bottom,APLU6383149
APLU6383149,40_High_Cube,2026-08-27T04:19:00+00:00,Rail,TTZX822291,Top,None
ZIMU7766152,40_High_Cube,2026-08-27T04:20:00+00:00,Rail,TTZX240998,Bottom,MSKU4073130
MSKU4073130,40_High_Cube,2026-08-27T04:20:00+00:00,Rail,TTZX240998,Top,None
SCHU1983567,53_Dry_Van,2026-08-27T04:22:00+00:00,Rail,TTZX482096,Single,None
JBHU6154737,53_Dry_Van,2026-08-27T04:22:00+00:00,Rail,TTZX143266,Single,None
ZIMU5323601,20_Standard,2026-08-27T04:25:00+00:00,Rail,TTZX746008,Bottom,MSKU7119342
MSKU7119342,40_High_Cube,2026-08-27T04:25:00+00:00,Rail,TTZX746008,Top,None
SCHU5389044,53_Dry_Van,2026-08-27T04:26:00+00:00,Rail,TTZX663835,Single,None
SCHU3262528,53_Dry_Van,2026-08-27T04:27:00+00:00,Rail,TTZX454811,Single,None
HLCU6117590,20_Standard,2026-08-27T04:28:00+00:00,Rail,TTZX389561,Bottom,HLCU7794169
HLCU7794169,40_High_Cube,2026-08-27T04:28:00+00:00,Rail,TTZX389561,Top,None
SCHU8393860,53_Dry_Van,2026-08-27T04:28:00+00:00,Rail,TTZX600388,Single,None
JBHU7153139,53_Dry_Van,2026-08-27T04:28:00+00:00,Rail,TTZX906070,Single,None
SCHU9365164,53_Dry_Van,2026-08-27T04:28:00+00:00,Rail,TTZX125607,Single,None
SCHU1098204,53_Dry_Van,2026-08-27T04:30:00+00:00,Rail,TTZX828848,Single,None
JBHU1062509,53_Dry_Van,2026-08-27T04:32:00+00:00,Rail,TTZX964584,Single,None
SCHU3039453,53_Dry_Van,2026-08-27T04:33:00+00:00,Rail,TTZX968341,Single,None
ZIMU2147366,20_Standard,2026-08-27T04:33:00+00:00,Rail,TTZX817042,Bottom,APLU4360252
APLU4360252,40_High_Cube,2026-08-27T04:33:00+00:00,Rail,TTZX817042,Top,None
EMCU2506799,40_High_Cube,2026-08-27T04:33:00+00:00,Rail,TTZX491377,Bottom,EMCU1140998
EMCU1140998,20_Standard,2026-08-27T04:33:00+00:00,Rail,TTZX491377,Top,None
ZIMU3444040,40_High_Cube,2026-08-27T04:34:00+00:00,Rail,TTZX888072,Bottom,ZIMU3211428
ZIMU3211428,20_Standard,2026-08-27T04:34:00+00:00,Rail,TTZX888072,Top,None
MSKU9755390,20_Standard,2026-08-27T04:34:00+00:00,Rail,TTZX143830,Bottom,SUDU7435350
SUDU7435350,40_High_Cube,2026-08-27T04:34:00+00:00,Rail,TTZX143830,Top,None
JBHU7685701,53_Dry_Van,2026-08-27T04:36:00+00:00,Rail,TTZX868829,Single,None
ZIMU3352088,40_High_Cube,2026-08-27T04:38:00+00:00,Rail,TTZX232839,Bottom,APLU6047524
APLU6047524,40_High_Cube,2026-08-27T04:38:00+00:00,Rail,TTZX232839,Top,None
SUDU1177279,40_High_Cube,2026-08-27T04:39:00+00:00,Rail,TTZX759697,Bottom,EMCU8024310
EMCU8024310,20_Standard,2026-08-27T04:39:00+00:00,Rail,TTZX759697,Top,None
MSKU1885340,40_High_Cube,2026-08-27T04:40:00+00:00,Rail,TTZX466686,Bottom,ZIMU6332300
ZIMU6332300,20_Standard,2026-08-27T04:40:00+00:00,Rail,TTZX466686,Top,None
EMCU3952096,40_High_Cube,2026-08-27T04:40:00+00:00,Rail,TTZX599532,Bottom,MSKU7159427
MSKU7159427,20_Standard,2026-08-27T04:40:00+00:00,Rail,TTZX599532,Top,None
SUDU6887099,40_High_Cube,2026-08-27T04:42:00+00:00,Rail,TTZX924444,Bottom,EMCU3151707
EMCU3151707,40_High_Cube,2026-08-27T04:42:00+00:00,Rail,TTZX924444,Top,None
JBHU5010503,53_Dry_Van,2026-08-27T04:42:00+00:00,Rail,TTZX969743,Single,None
HLCU8561599,40_High_Cube,2026-08-27T04:46:00+00:00,Rail,TTZX965997,Bottom,APLU9547816
APLU9547816,40_High_Cube,2026-08-27T04:46:00+00:00,Rail,TTZX965997,Top,None
JBHU1921179,53_Dry_Van,2026-08-27T04:47:00+00:00,Rail,TTZX768821,Single,None
MSKU8550462,40_High_Cube,2026-08-27T04:47:00+00:00,Rail,TTZX734733,Bottom,EMCU3075839
EMCU3075839,40_High_Cube,2026-08-27T04:47:00+00:00,Rail,TTZX734733,Top,None
JBHU7728608,53_Dry_Van,2026-08-27T04:48:00+00:00,Rail,TTZX280430,Single,None
EMCU1971712,40_High_Cube,2026-08-27T04:50:00+00:00,Rail,TTZX533156,Bottom,EMCU9600997
EMCU9600997,20_Standard,2026-08-27T04:50:00+00:00,Rail,TTZX533156,Top,None
EMCU1973931,40_High_Cube,2026-08-27T04:50:00+00:00,Rail,TTZX908007,Bottom,ZIMU8260066
ZIMU8260066,20_Standard,2026-08-27T04:50:00+00:00,Rail,TTZX908007,Top,None
ZIMU3064923,20_Standard,2026-08-27T04:51:00+00:00,Rail,TTZX126938,Bottom,MSKU2579577
MSKU2579577,40_High_Cube,2026-08-27T04:51:00+00:00,Rail,TTZX126938,Top,None
HLCU3865813,40_High_Cube,2026-08-27T04:52:00+00:00,Rail,TTZX743553,Bottom,APLU7427895
APLU7427895,20_Standard,2026-08-27T04:52:00+00:00,Rail,TTZX743553,Top,None
ZIMU6836759,40_High_Cube,2026-08-27T04:53:00+00:00,Rail,TTZX297478,Bottom,HLCU4630747
HLCU4630747,40_High_Cube,2026-08-27T04:53:00+00:00,Rail,TTZX297478,Top,None
MSKU9208285,40_High_Cube,2026-08-27T04:54:00+00:00,Rail,TTZX361886,Bottom,APLU7614725
APLU7614725,40_High_Cube,2026-08-27T04:54:00+00:00,Rail,TTZX361886,Top,None
JBHU3343531,53_Dry_Van,2026-08-27T04:54:00+00:00,Rail,TTZX113050,Single,None
ZIMU7736902,40_High_Cube,2026-08-27T04:55:00+00:00,Rail,TTZX571000,Bottom,HLCU3902178
HLCU3902178,40_High_Cube,2026-08-27T04:55:00+00:00,Rail,TTZX571000,Top,None
HLCU1276054,40_High_Cube,2026-08-27T04:56:00+00:00,Rail,TTZX452847,Bottom,HLCU5828980
HLCU5828980,40_High_Cube,2026-08-27T04:56:00+00:00,Rail,TTZX452847,Top,None
SUDU6043082,40_High_Cube,2026-08-27T04:57:00+00:00,Rail,TTZX214387,Bottom,MSKU7567619
MSKU7567619,40_High_Cube,2026-08-27T04:57:00+00:00,Rail,TTZX214387,Top,None
HLCU7866356,40_High_Cube,2026-08-27T04:57:00+00:00,Rail,TTZX418009,Bottom,ZIMU1626873
ZIMU1626873,20_Standard,2026-08-27T04:57:00+00:00,Rail,TTZX418009,Top,None
JBHU3038380,53_Dry_Van,2026-08-27T04:58:00+00:00,Rail,TTZX477604,Single,None
JBHU3125967,53_Dry_Van,2026-08-27T04:58:00+00:00,Rail,TTZX191544,Single,None
SUDU4370316,40_High_Cube,2026-08-27T05:01:00+00:00,Rail,TTZX326928,Bottom,EMCU4354102
EMCU4354102,40_High_Cube,2026-08-27T05:01:00+00:00,Rail,TTZX326928,Top,None
ZIMU9888669,40_High_Cube,2026-08-27T05:01:00+00:00,Rail,TTZX229733,Bottom,EMCU5073692
EMCU5073692,40_High_Cube,2026-08-27T05:01:00+00:00,Rail,TTZX229733,Top,None
SUDU5420915,20_Standard,2026-08-27T05:02:00+00:00,Rail,TTZX350084,Bottom,SUDU5653584
SUDU5653584,40_High_Cube,2026-08-27T05:02:00+00:00,Rail,TTZX350084,Top,None
JBHU8825583,53_Dry_Van,2026-08-27T05:02:00+00:00,Gate,None,None,None
SCHU2124890,53_Dry_Van,2026-08-27T05:03:00+00:00,Rail,TTZX881405,Single,None
MSKU3880841,40_High_Cube,2026-08-27T05:03:00+00:00,Gate,None,None,None
SCHU5853999,53_Dry_Van,2026-08-27T05:03:00+00:00,Gate,None,None,None
EMCU2620646,40_High_Cube,2026-08-27T05:03:00+00:00,Gate,None,None,None
JBHU2924655,53_Dry_Van,2026-08-27T05:04:00+00:00,Rail,TTZX534395,Single,None
HLCU1360479,40_High_Cube,2026-08-27T05:05:00+00:00,Rail,TTZX696700,Bottom,EMCU8055136
EMCU8055136,20_Standard,2026-08-27T05:05:00+00:00,Rail,TTZX696700,Top,None
SCHU2440965,53_Dry_Van,2026-08-27T05:06:00+00:00,Rail,TTZX149150,Single,None
JBHU7165504,53_Dry_Van,2026-08-27T05:06:00+00:00,Gate,None,None,None
APLU9815673,20_Standard,2026-08-27T05:06:00+00:00,Gate,None,None,None
SUDU9056416,40_High_Cube,2026-08-27T05:06:00+00:00,Gate,None,None,None
JBHU6218301,53_Dry_Van,2026-08-27T05:07:00+00:00,Rail,TTZX745278,Single,None
JBHU6183226,53_Dry_Van,2026-08-27T05:07:00+00:00,Rail,TTZX311127,Single,None
JBHU2775891,53_Dry_Van,2026-08-27T05:07:00+00:00,Gate,None,None,None
HLCU5890250,20_Standard,2026-08-27T05:07:00+00:00,Gate,None,None,None
SCHU7208130,53_Dry_Van,2026-08-27T05:07:00+00:00,Gate,None,None,None
ZIMU5065560,40_High_Cube,2026-08-27T05:08:00+00:00,Rail,TTZX635674,Bottom,MSKU5614814
MSKU5614814,40_High_Cube,2026-08-27T05:08:00+00:00,Rail,TTZX635674,Top,None
SCHU1246750,53_Dry_Van,2026-08-27T05:08:00+00:00,Gate,None,None,None
ZIMU8749397,40_High_Cube,2026-08-27T05:11:00+00:00,Gate,None,None,None
ZIMU7245880,40_High_Cube,2026-08-27T05:12:00+00:00,Rail,TTZX663016,Bottom,APLU6733078
APLU6733078,40_High_Cube,2026-08-27T05:12:00+00:00,Rail,TTZX663016,Top,None
MSKU1848882,20_Standard,2026-08-27T05:12:00+00:00,Rail,TTZX696599,Bottom,SUDU6751991
SUDU6751991,40_High_Cube,2026-08-27T05:12:00+00:00,Rail,TTZX696599,Top,None
ZIMU3219630,40_High_Cube,2026-08-27T05:12:00+00:00,Gate,None,None,None
HLCU3880546,20_Standard,2026-08-27T05:13:00+00:00,Gate,None,None,None
HLCU6331200,40_High_Cube,2026-08-27T05:14:00+00:00,Gate,None,None,None
JBHU7976667,53_Dry_Van,2026-08-27T05:15:00+00:00,Rail,TTZX409398,Single,None
APLU9686848,20_Standard,2026-08-27T05:18:00+00:00,Gate,None,None,None
SUDU4191476,20_Standard,2026-08-27T05:19:00+00:00,Rail,TTZX850161,Bottom,EMCU2757808
EMCU2757808,20_Standard,2026-08-27T05:19:00+00:00,Rail,TTZX850161,Top,None
SUDU5074535,20_Standard,2026-08-27T05:19:00+00:00,Rail,TTZX588274,Bottom,MSKU2985175
MSKU2985175,40_High_Cube,2026-08-27T05:19:00+00:00,Rail,TTZX588274,Top,None
EMCU7373256,40_High_Cube,2026-08-27T05:19:00+00:00,Gate,None,None,None
JBHU6071890,53_Dry_Van,2026-08-27T05:19:00+00:00,Gate,None,None,None
SUDU2695020,20_Standard,2026-08-27T05:20:00+00:00,Gate,None,None,None
SCHU4350259,53_Dry_Van,2026-08-27T05:21:00+00:00,Rail,TTZX415857,Single,None
SUDU1718075,40_High_Cube,2026-08-27T05:21:00+00:00,Rail,TTZX650452,Bottom,ZIMU7560520
ZIMU7560520,40_High_Cube,2026-08-27T05:21:00+00:00,Rail,TTZX650452,Top,None
SCHU4402650,53_Dry_Van,2026-08-27T05:21:00+00:00,Rail,TTZX926319,Single,None
ZIMU4815470,40_High_Cube,2026-08-27T05:21:00+00:00,Gate,None,None,None
ZIMU4114356,40_High_Cube,2026-08-27T05:23:00+00:00,Gate,None,None,None
SCHU9567231,53_Dry_Van,2026-08-27T05:24:00+00:00,Rail,TTZX242411,Single,None
SCHU4809899,53_Dry_Van,2026-08-27T05:24:00+00:00,Gate,None,None,None
ZIMU1715780,40_High_Cube,2026-08-27T05:24:00+00:00,Gate,None,None,None
SUDU4592479,40_High_Cube,2026-08-27T05:24:00+00:00,Gate,None,None,None
SUDU6179870,20_Standard,2026-08-27T05:24:00+00:00,Gate,None,None,None
EMCU8762695,40_High_Cube,2026-08-27T05:25:00+00:00,Rail,TTZX817231,Bottom,SUDU9685229
SUDU9685229,40_High_Cube,2026-08-27T05:25:00+00:00,Rail,TTZX817231,Top,None
SCHU3111028,53_Dry_Van,2026-08-27T05:25:00+00:00,Gate,None,None,None
SUDU7031661,40_High_Cube,2026-08-27T05:25:00+00:00,Gate,None,None,None
HLCU8022386,40_High_Cube,2026-08-27T05:25:00+00:00,Gate,None,None,None
JBHU4192569,53_Dry_Van,2026-08-27T05:25:00+00:00,Gate,None,None,None
SUDU5802780,40_High_Cube,2026-08-27T05:26:00+00:00,Rail,TTZX851769,Bottom,SUDU3842193
SUDU3842193,40_High_Cube,2026-08-27T05:26:00+00:00,Rail,TTZX851769,Top,None
SUDU7815597,40_High_Cube,2026-08-27T05:26:00+00:00,Rail,TTZX835485,Bottom,EMCU2307396
EMCU2307396,40_High_Cube,2026-08-27T05:26:00+00:00,Rail,TTZX835485,Top,None
APLU9473544,40_High_Cube,2026-08-27T05:26:00+00:00,Rail,TTZX579605,Bottom,HLCU5603900
HLCU5603900,20_Standard,2026-08-27T05:26:00+00:00,Rail,TTZX579605,Top,None
SCHU7288433,53_Dry_Van,2026-08-27T05:26:00+00:00,Gate,None,None,None
JBHU1864551,53_Dry_Van,2026-08-27T05:26:00+00:00,Gate,None,None,None
HLCU7452593,40_High_Cube,2026-08-27T05:28:00+00:00,Rail,TTZX826836,Bottom,ZIMU6827799
ZIMU6827799,40_High_Cube,2026-08-27T05:28:00+00:00,Rail,TTZX826836,Top,None
SCHU9654790,53_Dry_Van,2026-08-27T05:28:00+00:00,Rail,TTZX848211,Single,None
MSKU5848448,40_High_Cube,2026-08-27T05:29:00+00:00,Rail,TTZX744712,Bottom,EMCU6199221
EMCU6199221,20_Standard,2026-08-27T05:29:00+00:00,Rail,TTZX744712,Top,None
EMCU6231771,20_Standard,2026-08-27T05:29:00+00:00,Rail,TTZX501279,Bottom,MSKU8179691
MSKU8179691,40_High_Cube,2026-08-27T05:29:00+00:00,Rail,TTZX501279,Top,None
MSKU6023605,40_High_Cube,2026-08-27T05:29:00+00:00,Gate,None,None,None
HLCU8505018,40_High_Cube,2026-08-27T05:30:00+00:00,Gate,None,None,None
MSKU8536166,40_High_Cube,2026-08-27T05:30:00+00:00,Gate,None,None,None
EMCU7451451,40_High_Cube,2026-08-27T05:31:00+00:00,Rail,TTZX294776,Bottom,ZIMU9739665
ZIMU9739665,20_Standard,2026-08-27T05:31:00+00:00,Rail,TTZX294776,Top,None
SUDU9350966,20_Standard,2026-08-27T05:31:00+00:00,Gate,None,None,None
EMCU2091183,40_High_Cube,2026-08-27T05:32:00+00:00,Rail,TTZX107034,Bottom,MSKU4183522
MSKU4183522,40_High_Cube,2026-08-27T05:32:00+00:00,Rail,TTZX107034,Top,None
JBHU3227850,53_Dry_Van,2026-08-27T05:33:00+00:00,Rail,TTZX586644,Single,None
SCHU9378140,53_Dry_Van,2026-08-27T05:33:00+00:00,Rail,TTZX393581,Single,None
JBHU1991598,53_Dry_Van,2026-08-27T05:33:00+00:00,Gate,None,None,None
SUDU8107798,20_Standard,2026-08-27T05:35:00+00:00,Rail,TTZX759513,Bottom,HLCU5613467
HLCU5613467,40_High_Cube,2026-08-27T05:35:00+00:00,Rail,TTZX759513,Top,None
SCHU5803658,53_Dry_Van,2026-08-27T05:36:00+00:00,Gate,None,None,None
SCHU4098846,53_Dry_Van,2026-08-27T05:36:00+00:00,Gate,None,None,None
HLCU9916440,20_Standard,2026-08-27T05:37:00+00:00,Rail,TTZX810840,Bottom,HLCU8972774
HLCU8972774,20_Standard,2026-08-27T05:37:00+00:00,Rail,TTZX810840,Top,None
MSKU5009900,20_Standard,2026-08-27T05:37:00+00:00,Rail,TTZX793327,Bottom,MSKU5534827
MSKU5534827,20_Standard,2026-08-27T05:37:00+00:00,Rail,TTZX793327,Top,None
JBHU1493933,53_Dry_Van,2026-08-27T05:38:00+00:00,Gate,None,None,None
HLCU9084335,40_High_Cube,2026-08-27T05:38:00+00:00,Gate,None,None,None
MSKU7528206,40_High_Cube,2026-08-27T05:39:00+00:00,Rail,TTZX341275,Bottom,SUDU1634992
SUDU1634992,40_High_Cube,2026-08-27T05:39:00+00:00,Rail,TTZX341275,Top,None
JBHU4828809,53_Dry_Van,2026-08-27T05:39:00+00:00,Rail,TTZX310990,Single,None
JBHU6314115,53_Dry_Van,2026-08-27T05:39:00+00:00,Rail,TTZX430565,Single,None
MSKU3692211,40_High_Cube,2026-08-27T05:40:00+00:00,Gate,None,None,None
HLCU6946354,40_High_Cube,2026-08-27T05:42:00+00:00,Rail,TTZX636857,Bottom,HLCU4805526
HLCU4805526,40_High_Cube,2026-08-27T05:42:00+00:00,Rail,TTZX636857,Top,None
SCHU6764598,53_Dry_Van,2026-08-27T05:43:00+00:00,Rail,TTZX906045,Single,None
MSKU5392276,40_High_Cube,2026-08-27T05:43:00+00:00,Rail,TTZX845220,Bottom,MSKU9579080
MSKU9579080,40_High_Cube,2026-08-27T05:43:00+00:00,Rail,TTZX845220,Top,None
JBHU1110356,53_Dry_Van,2026-08-27T05:43:00+00:00,Rail,TTZX252634,Single,None
ZIMU2918925,40_High_Cube,2026-08-27T05:44:00+00:00,Rail,TTZX923903,Bottom,MSKU8721380
MSKU8721380,40_High_Cube,2026-08-27T05:44:00+00:00,Rail,TTZX923903,Top,None
SCHU4596582,53_Dry_Van,2026-08-27T05:44:00+00:00,Rail,TTZX302654,Single,None
HLCU4616287,40_High_Cube,2026-08-27T05:44:00+00:00,Rail,TTZX249980,Bottom,EMCU7250694
EMCU7250694,20_Standard,2026-08-27T05:44:00+00:00,Rail,TTZX249980,Top,None
MSKU9266785,40_High_Cube,2026-08-27T05:44:00+00:00,Gate,None,None,None
SCHU8757638,53_Dry_Van,2026-08-27T05:45:00+00:00,Rail,TTZX679714,Single,None
MSKU2403823,40_High_Cube,2026-08-27T05:45:00+00:00,Rail,TTZX609018,Bottom,MSKU2728198
MSKU2728198,40_High_Cube,2026-08-27T05:45:00+00:00,Rail,TTZX609018,Top,None
SCHU8039923,53_Dry_Van,2026-08-27T05:46:00+00:00,Rail,TTZX405892,Single,None
ZIMU8547204,40_High_Cube,2026-08-27T05:46:00+00:00,Gate,None,None,None
SUDU7400590,20_Standard,2026-08-27T05:46:00+00:00,Gate,None,None,None
EMCU5876101,40_High_Cube,2026-08-27T05:47:00+00:00,Rail,TTZX294694,Bottom,EMCU7466153
EMCU7466153,40_High_Cube,2026-08-27T05:47:00+00:00,Rail,TTZX294694,Top,None
EMCU3078015,40_High_Cube,2026-08-27T05:48:00+00:00,Gate,None,None,None
JBHU3573386,53_Dry_Van,2026-08-27T05:49:00+00:00,Gate,None,None,None
HLCU6646486,40_High_Cube,2026-08-27T05:50:00+00:00,Rail,TTZX944360,Bottom,EMCU8199180
EMCU8199180,20_Standard,2026-08-27T05:50:00+00:00,Rail,TTZX944360,Top,None
ZIMU9758562,40_High_Cube,2026-08-27T05:50:00+00:00,Gate,None,None,None
SCHU4265692,53_Dry_Van,2026-08-27T05:50:00+00:00,Gate,None,None,None
APLU6187491,40_High_Cube,2026-08-27T05:51:00+00:00,Gate,None,None,None
JBHU3524329,53_Dry_Van,2026-08-27T05:51:00+00:00,Gate,None,None,None
SCHU3326160,53_Dry_Van,2026-08-27T05:51:00+00:00,Gate,None,None,None
SCHU8051873,53_Dry_Van,2026-08-27T05:52:00+00:00,Gate,None,None,None
EMCU8811212,20_Standard,2026-08-27T05:53:00+00:00,Gate,None,None,None
MSKU7846953,40_High_Cube,2026-08-27T05:54:00+00:00,Gate,None,None,None
EMCU3733631,40_High_Cube,2026-08-27T05:55:00+00:00,Rail,TTZX590301,Bottom,ZIMU5859148
ZIMU5859148,40_High_Cube,2026-08-27T05:55:00+00:00,Rail,TTZX590301,Top,None
MSKU8104141,40_High_Cube,2026-08-27T05:55:00+00:00,Rail,TTZX924673,Bottom,MSKU3093872
MSKU3093872,40_High_Cube,2026-08-27T05:55:00+00:00,Rail,TTZX924673,Top,None
ZIMU8069050,20_Standard,2026-08-27T05:56:00+00:00,Rail,TTZX570882,Bottom,MSKU4071585
MSKU4071585,40_High_Cube,2026-08-27T05:56:00+00:00,Rail,TTZX570882,Top,None
SUDU5956180,40_High_Cube,2026-08-27T05:56:00+00:00,Gate,None,None,None
ZIMU2771351,20_Standard,2026-08-27T05:57:00+00:00,Rail,TTZX927925,Bottom,ZIMU9853750
ZIMU9853750,20_Standard,2026-08-27T05:57:00+00:00,Rail,TTZX927925,Top,None
EMCU6037088,20_Standard,2026-08-27T05:57:00+00:00,Rail,TTZX857441,Bottom,ZIMU8331513
ZIMU8331513,40_High_Cube,2026-08-27T05:57:00+00:00,Rail,TTZX857441,Top,None
SCHU7790354,53_Dry_Van,2026-08-27T05:58:00+00:00,Rail,TTZX536574,Single,None
APLU2741769,20_Standard,2026-08-27T05:58:00+00:00,Gate,None,None,None
JBHU3359374,53_Dry_Van,2026-08-27T05:58:00+00:00,Gate,None,None,None
JBHU5770297,53_Dry_Van,2026-08-27T05:58:00+00:00,Gate,None,None,None
MSKU8037383,40_High_Cube,2026-08-27T05:59:00+00:00,Rail,TTZX581627,Bottom,APLU5781678
APLU5781678,40_High_Cube,2026-08-27T05:59:00+00:00,Rail,TTZX581627,Top,None
EMCU2716368,40_High_Cube,2026-08-27T05:59:00+00:00,Gate,None,None,None
SCHU6908859,53_Dry_Van,2026-08-27T06:00:00+00:00,Gate,None,None,None
JBHU4202760,53_Dry_Van,2026-08-27T06:00:00+00:00,Gate,None,None,None
MSKU9665445,40_High_Cube,2026-08-27T06:00:00+00:00,Gate,None,None,None
SCHU7062981,53_Dry_Van,2026-08-27T06:01:00+00:00,Gate,None,None,None
JBHU7223220,53_Dry_Van,2026-08-27T06:02:00+00:00,Gate,None,None,None
MSKU4036990,20_Standard,2026-08-27T06:03:00+00:00,Gate,None,None,None
APLU6355091,40_High_Cube,2026-08-27T06:03:00+00:00,Gate,None,None,None
SCHU4047031,53_Dry_Van,2026-08-27T06:05:00+00:00,Gate,None,None,None
ZIMU3360843,40_High_Cube,2026-08-27T06:06:00+00:00,Gate,None,None,None
APLU5922890,40_High_Cube,2026-08-27T06:07:00+00:00,Gate,None,None,None
MSKU6267751,20_Standard,2026-08-27T06:07:00+00:00,Gate,None,None,None
SUDU5811083,40_High_Cube,2026-08-27T06:08:00+00:00,Gate,None,None,None
MSKU2905694,40_High_Cube,2026-08-27T06:09:00+00:00,Gate,None,None,None
ZIMU6240327,40_High_Cube,2026-08-27T06:09:00+00:00,Gate,None,None,None
EMCU2515039,20_Standard,2026-08-27T06:10:00+00:00,Gate,None,None,None
SCHU9856980,53_Dry_Van,2026-08-27T06:12:00+00:00,Gate,None,None,None
APLU9135887,40_High_Cube,2026-08-27T06:17:00+00:00,Gate,None,None,None
JBHU3997194,53_Dry_Van,2026-08-27T06:17:00+00:00,Gate,None,None,None
EMCU7525805,40_High_Cube,2026-08-27T06:23:00+00:00,Gate,None,None,None
HLCU2618911,40_High_Cube,2026-08-27T06:24:00+00:00,Gate,None,None,None
MSKU1292617,40_High_Cube,2026-08-27T06:25:00+00:00,Gate,None,None,None
JBHU7611632,53_Dry_Van,2026-08-27T06:26:00+00:00,Gate,None,None,None
EMCU4366084,40_High_Cube,2026-08-27T06:26:00+00:00,Gate,None,None,None
EMCU7023670,20_Standard,2026-08-27T06:28:00+00:00,Gate,None,None,None
MSKU5308666,20_Standard,2026-08-27T06:28:00+00:00,Gate,None,None,None
SUDU4157390,40_High_Cube,2026-08-27T06:30:00+00:00,Gate,None,None,None
SUDU8298842,40_High_Cube,2026-08-27T06:30:00+00:00,Gate,None,None,None
JBHU3362819,53_Dry_Van,2026-08-27T06:31:00+00:00,Gate,None,None,None
ZIMU6463906,40_High_Cube,2026-08-27T06:32:00+00:00,Gate,None,None,None
HLCU7578560,40_High_Cube,2026-08-27T06:33:00+00:00,Gate,None,None,None
EMCU4399149,40_High_Cube,2026-08-27T06:36:00+00:00,Gate,None,None,None
JBHU4028468,53_Dry_Van,2026-08-27T06:38:00+00:00,Gate,None,None,None
EMCU7234517,20_Standard,2026-08-27T06:39:00+00:00,Gate,None,None,None
SCHU7667709,53_Dry_Van,2026-08-27T06:39:00+00:00,Gate,None,None,None
JBHU5533973,53_Dry_Van,2026-08-27T06:40:00+00:00,Gate,None,None,None
ZIMU9451410,40_High_Cube,2026-08-27T06:40:00+00:00,Gate,None,None,None
SCHU1686804,53_Dry_Van,2026-08-27T06:42:00+00:00,Gate,None,None,None
JBHU9103327,53_Dry_Van,2026-08-27T06:43:00+00:00,Gate,None,None,None
HLCU2100922,40_High_Cube,2026-08-27T06:44:00+00:00,Gate,None,None,None
ZIMU8644457,40_High_Cube,2026-08-27T06:44:00+00:00,Gate,None,None,None
APLU4439104,20_Standard,2026-08-27T06:44:00+00:00,Gate,None,None,None
JBHU1463902,53_Dry_Van,2026-08-27T06:47:00+00:00,Gate,None,None,None
JBHU5572835,53_Dry_Van,2026-08-27T06:47:00+00:00,Gate,None,None,None
SCHU6224352,53_Dry_Van,2026-08-27T06:49:00+00:00,Gate,None,None,None
SCHU8801710,53_Dry_Van,2026-08-27T06:49:00+00:00,Gate,None,None,None
ZIMU9694093,40_High_Cube,2026-08-27T06:49:00+00:00,Gate,None,None,None
SCHU7886585,53_Dry_Van,2026-08-27T06:50:00+00:00,Gate,None,None,None
JBHU2916541,53_Dry_Van,2026-08-27T06:51:00+00:00,Gate,None,None,None
APLU8419750,40_High_Cube,2026-08-27T06:52:00+00:00,Gate,None,None,None
SCHU3498529,53_Dry_Van,2026-08-27T06:56:00+00:00,Gate,None,None,None
EMCU7206238,40_High_Cube,2026-08-27T06:56:00+00:00,Gate,None,None,None
SCHU4849926,53_Dry_Van,2026-08-27T06:56:00+00:00,Gate,None,None,None
EMCU7665767,40_High_Cube,2026-08-27T06:58:00+00:00,Gate,None,None,None
JBHU7467654,53_Dry_Van,2026-08-27T07:00:00+00:00,Gate,None,None,None
SUDU5275695,40_High_Cube,2026-08-27T07:02:00+00:00,Gate,None,None,None
SUDU3742569,20_Standard,2026-08-27T07:04:00+00:00,Gate,None,None,None
EMCU8521893,20_Standard,2026-08-27T07:05:00+00:00,Gate,None,None,None
SCHU1710881,53_Dry_Van,2026-08-27T07:08:00+00:00,Gate,None,None,None
EMCU4699681,40_High_Cube,2026-08-27T07:08:00+00:00,Gate,None,None,None
SCHU3512231,53_Dry_Van,2026-08-27T07:09:00+00:00,Gate,None,None,None
SCHU4762512,53_Dry_Van,2026-08-27T07:09:00+00:00,Gate,None,None,None
ZIMU9843812,20_Standard,2026-08-27T07:10:00+00:00,Gate,None,None,None
HLCU4860462,40_High_Cube,2026-08-27T07:11:00+00:00,Gate,None,None,None
ZIMU3094070,20_Standard,2026-08-27T07:12:00+00:00,Gate,None,None,None
SUDU5727347,40_High_Cube,2026-08-27T07:16:00+00:00,Gate,None,None,None
EMCU8883146,20_Standard,2026-08-27T07:16:00+00:00,Gate,None,None,None
ZIMU8083700,40_High_Cube,2026-08-27T07:16:00+00:00,Gate,None,None,None
APLU1116535,20_Standard,2026-08-27T07:17:00+00:00,Gate,None,None,None
JBHU7820078,53_Dry_Van,2026-08-27T07:18:00+00:00,Gate,None,None,None
MSKU9669517,40_High_Cube,2026-08-27T07:18:00+00:00,Gate,None,None,None
APLU5024988,20_Standard,2026-08-27T07:19:00+00:00,Gate,None,None,None
JBHU2359889,53_Dry_Van,2026-08-27T07:20:00+00:00,Gate,None,None,None
SUDU6193349,40_High_Cube,2026-08-27T07:20:00+00:00,Gate,None,None,None
EMCU9923433,40_High_Cube,2026-08-27T07:20:00+00:00,Gate,None,None,None
SUDU2919433,20_Standard,2026-08-27T07:21:00+00:00,Gate,None,None,None
APLU6924705,20_Standard,2026-08-27T07:22:00+00:00,Gate,None,None,None
APLU9205290,40_High_Cube,2026-08-27T07:23:00+00:00,Gate,None,None,None
SUDU7901587,40_High_Cube,2026-08-27T07:23:00+00:00,Gate,None,None,None
APLU7748067,40_High_Cube,2026-08-27T07:29:00+00:00,Gate,None,None,None
MSKU9645069,20_Standard,2026-08-27T07:30:00+00:00,Gate,None,None,None
HLCU1445067,40_High_Cube,2026-08-27T07:31:00+00:00,Gate,None,None,None
MSKU5200990,40_High_Cube,2026-08-27T07:31:00+00:00,Gate,None,None,None
MSKU3094190,40_High_Cube,2026-08-27T07:31:00+00:00,Gate,None,None,None
ZIMU9116135,40_High_Cube,2026-08-27T07:32:00+00:00,Gate,None,None,None
JBHU4005143,53_Dry_Van,2026-08-27T07:32:00+00:00,Gate,None,None,None
MSKU9041979,40_High_Cube,2026-08-27T07:35:00+00:00,Gate,None,None,None
JBHU2966429,53_Dry_Van,2026-08-27T07:36:00+00:00,Gate,None,None,None
EMCU6547986,20_Standard,2026-08-27T07:40:00+00:00,Gate,None,None,None
SUDU7272545,20_Standard,2026-08-27T07:41:00+00:00,Gate,None,None,None
JBHU6652220,53_Dry_Van,2026-08-27T07:42:00+00:00,Gate,None,None,None
SUDU6044659,40_High_Cube,2026-08-27T07:43:00+00:00,Gate,None,None,None
APLU6873038,40_High_Cube,2026-08-27T07:44:00+00:00,Gate,None,None,None
MSKU7631261,20_Standard,2026-08-27T07:45:00+00:00,Gate,None,None,None
EMCU8913981,20_Standard,2026-08-27T07:46:00+00:00,Gate,None,None,None
SCHU9495044,53_Dry_Van,2026-08-27T07:46:00+00:00,Gate,None,None,None
SUDU3479920,40_High_Cube,2026-08-27T07:46:00+00:00,Gate,None,None,None
JBHU3524381,53_Dry_Van,2026-08-27T07:48:00+00:00,Gate,None,None,None
ZIMU6454695,40_High_Cube,2026-08-27T07:49:00+00:00,Gate,None,None,None
MSKU2843484,40_High_Cube,2026-08-27T07:51:00+00:00,Gate,None,None,None
HLCU1338351,40_High_Cube,2026-08-27T07:53:00+00:00,Gate,None,None,None
JBHU7141502,53_Dry_Van,2026-08-27T07:55:00+00:00,Gate,None,None,None
EMCU2017714,40_High_Cube,2026-08-27T07:55:00+00:00,Gate,None,None,None
MSKU8679491,40_High_Cube,2026-08-27T07:55:00+00:00,Gate,None,None,None
APLU9019594,20_Standard,2026-08-27T07:56:00+00:00,Gate,None,None,None
MSKU5289360,40_High_Cube,2026-08-27T07:58:00+00:00,Gate,None,None,None
ZIMU8642813,20_Standard,2026-08-27T07:58:00+00:00,Gate,None,None,None
ZIMU5267869,40_High_Cube,2026-08-27T07:59:00+00:00,Gate,None,None,None
ZIMU3651772,40_High_Cube,2026-08-27T07:59:00+00:00,Gate,None,None,None
JBHU4405828,53_Dry_Van,2026-08-27T08:02:00+00:00,Gate,None,None,None
MSKU4309349,20_Standard,2026-08-27T08:05:00+00:00,Gate,None,None,None
EMCU5246334,40_High_Cube,2026-08-27T08:09:00+00:00,Gate,None,None,None
APLU9622777,40_High_Cube,2026-08-27T08:09:00+00:00,Gate,None,None,None
SUDU9533308,40_High_Cube,2026-08-27T08:14:00+00:00,Gate,None,None,None
SUDU3578460,40_High_Cube,2026-08-27T08:16:00+00:00,Gate,None,None,None
SCHU4355693,53_Dry_Van,2026-08-27T08:17:00+00:00,Gate,None,None,None
ZIMU1676853,40_High_Cube,2026-08-27T08:18:00+00:00,Gate,None,None,None
SUDU4791383,20_Standard,2026-08-27T08:18:00+00:00,Gate,None,None,None
HLCU5884197,40_High_Cube,2026-08-27T08:22:00+00:00,Gate,None,None,None
MSKU1866320,40_High_Cube,2026-08-27T08:25:00+00:00,Gate,None,None,None
SCHU3331151,53_Dry_Van,2026-08-27T08:25:00+00:00,Gate,None,None,None
MSKU2720140,40_High_Cube,2026-08-27T08:26:00+00:00,Gate,None,None,None
EMCU2948722,20_Standard,2026-08-27T08:28:00+00:00,Gate,None,None,None
EMCU8295230,40_High_Cube,2026-08-27T08:30:00+00:00,Gate,None,None,None
ZIMU7798946,40_High_Cube,2026-08-27T08:30:00+00:00,Gate,None,None,None
APLU1763399,20_Standard,2026-08-27T08:30:00+00:00,Gate,None,None,None
HLCU4797204,20_Standard,2026-08-27T08:31:00+00:00,Gate,None,None,None
JBHU9597549,53_Dry_Van,2026-08-27T08:37:00+00:00,Gate,None,None,None
SCHU7086474,53_Dry_Van,2026-08-27T08:38:00+00:00,Gate,None,None,None
ZIMU3302575,40_High_Cube,2026-08-27T08:38:00+00:00,Gate,None,None,None
SUDU8913010,40_High_Cube,2026-08-27T08:39:00+00:00,Gate,None,None,None
ZIMU8185018,40_High_Cube,2026-08-27T08:41:00+00:00,Gate,None,None,None
APLU7911298,40_High_Cube,2026-08-27T08:43:00+00:00,Gate,None,None,None
MSKU7891361,40_High_Cube,2026-08-27T08:43:00+00:00,Gate,None,None,None
ZIMU8104612,20_Standard,2026-08-27T08:45:00+00:00,Gate,None,None,None
APLU1349413,40_High_Cube,2026-08-27T08:45:00+00:00,Gate,None,None,None
SUDU6908530,20_Standard,2026-08-27T08:45:00+00:00,Gate,None,None,None
JBHU8268981,53_Dry_Van,2026-08-27T08:45:00+00:00,Gate,None,None,None
JBHU9684638,53_Dry_Van,2026-08-27T08:46:00+00:00,Gate,None,None,None
SCHU1895070,53_Dry_Van,2026-08-27T08:47:00+00:00,Gate,None,None,None
ZIMU9024086,40_High_Cube,2026-08-27T08:48:00+00:00,Gate,None,None,None
HLCU9314680,40_High_Cube,2026-08-27T08:48:00+00:00,Gate,None,None,None
JBHU1795039,53_Dry_Van,2026-08-27T08:49:00+00:00,Gate,None,None,None
SCHU5872860,53_Dry_Van,2026-08-27T08:49:00+00:00,Gate,None,None,None
HLCU9157597,20_Standard,2026-08-27T08:49:00+00:00,Gate,None,None,None
EMCU4724676,20_Standard,2026-08-27T08:54:00+00:00,Gate,None,None,None
MSKU8831407,40_High_Cube,2026-08-27T08:55:00+00:00,Gate,None,None,None
HLCU7970817,40_High_Cube,2026-08-27T08:56:00+00:00,Gate,None,None,None
ZIMU6592307,20_Standard,2026-08-27T09:01:00+00:00,Gate,None,None,None
HLCU2652747,40_High_Cube,2026-08-27T09:02:00+00:00,Gate,None,None,None
HLCU9011030,20_Standard,2026-08-27T09:05:00+00:00,Gate,None,None,None
EMCU2329712,20_Standard,2026-08-27T09:07:00+00:00,Gate,None,None,None
JBHU9135200,53_Dry_Van,2026-08-27T09:07:00+00:00,Gate,None,None,None
JBHU4001214,53_Dry_Van,2026-08-27T09:08:00+00:00,Gate,None,None,None
SCHU2915103,53_Dry_Van,2026-08-27T09:16:00+00:00,Gate,None,None,None
EMCU9593250,40_High_Cube,2026-08-27T09:17:00+00:00,Gate,None,None,None
MSKU8992680,40_High_Cube,2026-08-27T09:19:00+00:00,Gate,None,None,None
APLU3677860,40_High_Cube,2026-08-27T09:20:00+00:00,Gate,None,None,None
APLU3561186,40_High_Cube,2026-08-27T09:26:00+00:00,Gate,None,None,None
EMCU1081160,40_High_Cube,2026-08-27T09:28:00+00:00,Gate,None,None,None
SCHU3755247,53_Dry_Van,2026-08-27T09:29:00+00:00,Gate,None,None,None
MSKU3585131,40_High_Cube,2026-08-27T09:30:00+00:00,Gate,None,None,None
ZIMU3052795,40_High_Cube,2026-08-27T09:32:00+00:00,Gate,None,None,None
SCHU2990920,53_Dry_Van,2026-08-27T09:35:00+00:00,Gate,None,None,None
SCHU2073582,53_Dry_Van,2026-08-27T09:36:00+00:00,Gate,None,None,None
HLCU4400364,20_Standard,2026-08-27T09:37:00+00:00,Gate,None,None,None
SCHU1183939,53_Dry_Van,2026-08-27T09:40:00+00:00,Gate,None,None,None
SUDU1571507,40_High_Cube,2026-08-27T09:41:00+00:00,Gate,None,None,None
EMCU4089950,20_Standard,2026-08-27T09:48:00+00:00,Gate,None,None,None
APLU2686701,40_High_Cube,2026-08-27T09:49:00+00:00,Gate,None,None,None
EMCU4532246,40_High_Cube,2026-08-27T09:51:00+00:00,Gate,None,None,None
JBHU7746073,53_Dry_Van,2026-08-27T09:53:00+00:00,Gate,None,None,None
EMCU2389352,40_High_Cube,2026-08-27T10:04:00+00:00,Gate,None,None,None
APLU8637915,40_High_Cube,2026-08-27T10:19:00+00:00,Gate,None,None,None
JBHU3963635,53_Dry_Van,2026-08-27T10:40:00+00:00,Gate,None,None,None
SUDU1698301,20_Standard,2026-08-27T10:42:00+00:00,Gate,None,None,None
SUDU7980863,40_High_Cube,2026-08-27T10:43:00+00:00,Gate,None,None,None
SCHU9545865,53_Dry_Van,2026-08-27T10:46:00+00:00,Gate,None,None,None
JBHU6102970,53_Dry_Van,2026-08-27T10:52:00+00:00,Gate,None,None,None
JBHU1206925,53_Dry_Van,2026-08-27T10:53:00+00:00,Gate,None,None,None
MSKU7298926,40_High_Cube,2026-08-27T11:03:00+00:00,Gate,None,None,None
ZIMU3969378,40_High_Cube,2026-08-27T11:06:00+00:00,Gate,None,None,None
APLU2660435,20_Standard,2026-08-27T11:15:00+00:00,Gate,None,None,None
HLCU8569711,20_Standard,2026-08-27T11:26:00+00:00,Gate,None,None,None
SUDU9862751,20_Standard,2026-08-27T11:30:00+00:00,Gate,None,None,None
JBHU8844310,53_Dry_Van,2026-08-27T11:44:00+00:00,Gate,None,None,None
HLCU5324905,40_High_Cube,2026-08-27T11:48:00+00:00,Gate,None,None,None
MSKU8914081,20_Standard,2026-08-27T11:51:00+00:00,Gate,None,None,None
HLCU9737487,40_High_Cube,2026-08-27T11:55:00+00:00,Gate,None,None,None
JBHU6161947,53_Dry_Van,2026-08-27T11:55:00+00:00,Gate,None,None,None
HLCU1005509,40_High_Cube,2026-08-27T11:59:00+00:00,Gate,None,None,None
ZIMU5759154,40_High_Cube,2026-08-27T12:00:00+00:00,Gate,None,None,None
EMCU3941661,40_High_Cube,2026-08-27T12:02:00+00:00,Gate,None,None,None
MSKU6832791,20_Standard,2026-08-27T12:02:00+00:00,Gate,None,None,None
APLU5880053,20_Standard,2026-08-27T12:04:00+00:00,Gate,None,None,None
ZIMU4025705,40_High_Cube,2026-08-27T12:05:00+00:00,Gate,None,None,None
SUDU2376249,20_Standard,2026-08-27T12:06:00+00:00,Gate,None,None,None
JBHU4442333,53_Dry_Van,2026-08-27T12:08:00+00:00,Gate,None,None,None
MSKU5015740,40_High_Cube,2026-08-27T12:10:00+00:00,Gate,None,None,None
HLCU6482361,40_High_Cube,2026-08-27T12:11:00+00:00,Gate,None,None,None
SUDU5817060,40_High_Cube,2026-08-27T12:12:00+00:00,Gate,None,None,None
SCHU9606929,53_Dry_Van,2026-08-27T12:15:00+00:00,Gate,None,None,None
APLU6587224,40_High_Cube,2026-08-27T12:16:00+00:00,Gate,None,None,None
SCHU5400483,53_Dry_Van,2026-08-27T12:19:00+00:00,Gate,None,None,None
MSKU7378997,20_Standard,2026-08-27T12:22:00+00:00,Gate,None,None,None
SCHU4823069,53_Dry_Van,2026-08-27T12:25:00+00:00,Gate,None,None,None
SCHU5343995,53_Dry_Van,2026-08-27T12:30:00+00:00,Gate,None,None,None
JBHU5827514,53_Dry_Van,2026-08-27T12:34:00+00:00,Gate,None,None,None
MSKU5720903,20_Standard,2026-08-27T12:36:00+00:00,Gate,None,None,None
JBHU7019808,53_Dry_Van,2026-08-27T12:40:00+00:00,Gate,None,None,None
SCHU4417080,53_Dry_Van,2026-08-27T12:41:00+00:00,Gate,None,None,None
SUDU8983580,40_High_Cube,2026-08-27T12:44:00+00:00,Gate,None,None,None
APLU9611664,40_High_Cube,2026-08-27T12:45:00+00:00,Gate,None,None,None
JBHU4031121,53_Dry_Van,2026-08-27T12:45:00+00:00,Gate,None,None,None
HLCU9896600,40_High_Cube,2026-08-27T12:45:00+00:00,Gate,None,None,None
HLCU2264551,40_High_Cube,2026-08-27T12:46:00+00:00,Gate,None,None,None
JBHU8919574,53_Dry_Van,2026-08-27T12:49:00+00:00,Gate,None,None,None
HLCU7674250,20_Standard,2026-08-27T12:49:00+00:00,Gate,None,None,None
ZIMU3572122,40_High_Cube,2026-08-27T12:55:00+00:00,Gate,None,None,None
EMCU2668130,40_High_Cube,2026-08-27T12:57:00+00:00,Gate,None,None,None
SCHU8600607,53_Dry_Van,2026-08-27T12:58:00+00:00,Gate,None,None,None
HLCU1967740,40_High_Cube,2026-08-27T12:59:00+00:00,Gate,None,None,None
HLCU2455007,40_High_Cube,2026-08-27T13:01:00+00:00,Gate,None,None,None
HLCU1293745,20_Standard,2026-08-27T13:02:00+00:00,Gate,None,None,None
JBHU4055503,53_Dry_Van,2026-08-27T13:04:00+00:00,Gate,None,None,None
HLCU2322880,20_Standard,2026-08-27T13:07:00+00:00,Gate,None,None,None
JBHU7588511,53_Dry_Van,2026-08-27T13:07:00+00:00,Gate,None,None,None
EMCU7634215,40_High_Cube,2026-08-27T13:08:00+00:00,Gate,None,None,None
ZIMU2532552,20_Standard,2026-08-27T13:08:00+00:00,Gate,None,None,None
HLCU2080976,20_Standard,2026-08-27T13:08:00+00:00,Gate,None,None,None
JBHU8143140,53_Dry_Van,2026-08-27T13:09:00+00:00,Gate,None,None,None
HLCU8254761,40_High_Cube,2026-08-27T13:09:00+00:00,Gate,None,None,None
EMCU2909536,40_High_Cube,2026-08-27T13:10:00+00:00,Gate,None,None,None
SUDU5406310,20_Standard,2026-08-27T13:11:00+00:00,Gate,None,None,None
MSKU5665025,40_High_Cube,2026-08-27T13:12:00+00:00,Gate,None,None,None
ZIMU1786716,20_Standard,2026-08-27T13:14:00+00:00,Gate,None,None,None
SCHU5901530,53_Dry_Van,2026-08-27T13:16:00+00:00,Gate,None,None,None
HLCU8511690,40_High_Cube,2026-08-27T13:18:00+00:00,Gate,None,None,None
ZIMU9780102,20_Standard,2026-08-27T13:19:00+00:00,Gate,None,None,None
ZIMU6248821,40_High_Cube,2026-08-27T13:21:00+00:00,Gate,None,None,None
SCHU6730772,53_Dry_Van,2026-08-27T13:22:00+00:00,Gate,None,None,None
APLU1306900,40_High_Cube,2026-08-27T13:23:00+00:00,Gate,None,None,None
MSKU4202290,20_Standard,2026-08-27T13:26:00+00:00,Gate,None,None,None
APLU2568150,40_High_Cube,2026-08-27T13:27:00+00:00,Gate,None,None,None
MSKU1063267,20_Standard,2026-08-27T13:31:00+00:00,Gate,None,None,None
MSKU7562160,40_High_Cube,2026-08-27T13:35:00+00:00,Gate,None,None,None
MSKU4669514,40_High_Cube,2026-08-27T13:36:00+00:00,Gate,None,None,None
ZIMU6544649,40_High_Cube,2026-08-27T13:42:00+00:00,Gate,None,None,None
SUDU4961746,20_Standard,2026-08-27T13:49:00+00:00,Gate,None,None,None
HLCU9142149,40_High_Cube,2026-08-27T13:49:00+00:00,Gate,None,None,None
SUDU1349038,40_High_Cube,2026-08-27T13:52:00+00:00,Gate,None,None,None
MSKU9509118,40_High_Cube,2026-08-27T13:54:00+00:00,Gate,None,None,None
ZIMU4224292,40_High_Cube,2026-08-27T13:56:00+00:00,Gate,None,None,None
APLU2110629,20_Standard,2026-08-27T13:57:00+00:00,Gate,None,None,None
SCHU8623120,53_Dry_Van,2026-08-27T13:58:00+00:00,Gate,None,None,None
JBHU5223941,53_Dry_Van,2026-08-27T13:58:00+00:00,Gate,None,None,None
APLU7262162,40_High_Cube,2026-08-27T13:58:00+00:00,Gate,None,None,None
MSKU9308279,40_High_Cube,2026-08-27T14:00:00+00:00,Gate,None,None,None
SUDU7163740,40_High_Cube,2026-08-27T14:02:00+00:00,Gate,None,None,None
MSKU9516816,40_High_Cube,2026-08-27T14:03:00+00:00,Gate,None,None,None
HLCU3277996,20_Standard,2026-08-27T14:05:00+00:00,Gate,None,None,None
SUDU3755967,40_High_Cube,2026-08-27T14:06:00+00:00,Gate,None,None,None
EMCU8466224,40_High_Cube,2026-08-27T14:07:00+00:00,Gate,None,None,None
JBHU3814668,53_Dry_Van,2026-08-27T14:07:00+00:00,Gate,None,None,None
SCHU1084514,53_Dry_Van,2026-08-27T14:09:00+00:00,Gate,None,None,None
MSKU2952295,40_High_Cube,2026-08-27T14:10:00+00:00,Gate,None,None,None
ZIMU9674179,20_Standard,2026-08-27T14:14:00+00:00,Gate,None,None,None
HLCU6281937,40_High_Cube,2026-08-27T14:14:00+00:00,Gate,None,None,None
SCHU4603357,53_Dry_Van,2026-08-27T14:15:00+00:00,Gate,None,None,None
ZIMU8206105,40_High_Cube,2026-08-27T14:16:00+00:00,Gate,None,None,None
MSKU3504227,20_Standard,2026-08-27T14:17:00+00:00,Gate,None,None,None
JBHU7074810,53_Dry_Van,2026-08-27T14:18:00+00:00,Gate,None,None,None
SCHU5137124,53_Dry_Van,2026-08-27T14:18:00+00:00,Gate,None,None,None
ZIMU7704675,20_Standard,2026-08-27T14:19:00+00:00,Gate,None,None,None
SCHU1913580,53_Dry_Van,2026-08-27T14:20:00+00:00,Gate,None,None,None
SCHU1083159,53_Dry_Van,2026-08-27T14:21:00+00:00,Gate,None,None,None
SCHU8157000,53_Dry_Van,2026-08-27T14:21:00+00:00,Gate,None,None,None
EMCU5929578,40_High_Cube,2026-08-27T14:21:00+00:00,Gate,None,None,None
SCHU7485242,53_Dry_Van,2026-08-27T14:22:00+00:00,Gate,None,None,None
MSKU9333918,40_High_Cube,2026-08-27T14:26:00+00:00,Gate,None,None,None
ZIMU7425881,20_Standard,2026-08-27T14:26:00+00:00,Gate,None,None,None
APLU1070650,40_High_Cube,2026-08-27T14:26:00+00:00,Gate,None,None,None
ZIMU4209169,40_High_Cube,2026-08-27T14:30:00+00:00,Gate,None,None,None
SCHU3327418,53_Dry_Van,2026-08-27T14:31:00+00:00,Gate,None,None,None
MSKU7954650,40_High_Cube,2026-08-27T14:33:00+00:00,Gate,None,None,None
EMCU5994110,20_Standard,2026-08-27T14:36:00+00:00,Gate,None,None,None
SUDU6774343,40_High_Cube,2026-08-27T14:38:00+00:00,Gate,None,None,None
SCHU3400817,53_Dry_Van,2026-08-27T14:41:00+00:00,Gate,None,None,None
JBHU1127976,53_Dry_Van,2026-08-27T14:42:00+00:00,Gate,None,None,None
ZIMU7908724,40_High_Cube,2026-08-27T14:43:00+00:00,Gate,None,None,None
HLCU4199959,40_High_Cube,2026-08-27T14:44:00+00:00,Gate,None,None,None
APLU4642512,40_High_Cube,2026-08-27T14:47:00+00:00,Gate,None,None,None
JBHU4601055,53_Dry_Van,2026-08-27T14:47:00+00:00,Gate,None,None,None
APLU5339291,40_High_Cube,2026-08-27T14:48:00+00:00,Gate,None,None,None
ZIMU8026660,20_Standard,2026-08-27T14:48:00+00:00,Gate,None,None,None
SUDU9087130,40_High_Cube,2026-08-27T14:50:00+00:00,Gate,None,None,None
SCHU6938513,53_Dry_Van,2026-08-27T14:50:00+00:00,Gate,None,None,None
SUDU2164743,40_High_Cube,2026-08-27T14:51:00+00:00,Gate,None,None,None
APLU2958775,20_Standard,2026-08-27T14:51:00+00:00,Gate,None,None,None
ZIMU1118960,20_Standard,2026-08-27T14:51:00+00:00,Gate,None,None,None
JBHU2959543,53_Dry_Van,2026-08-27T14:51:00+00:00,Gate,None,None,None
JBHU5161984,53_Dry_Van,2026-08-27T14:53:00+00:00,Gate,None,None,None
APLU6863045,40_High_Cube,2026-08-27T14:54:00+00:00,Gate,None,None,None
JBHU4247213,53_Dry_Van,2026-08-27T14:57:00+00:00,Gate,None,None,None
MSKU4611683,40_High_Cube,2026-08-27T14:58:00+00:00,Gate,None,None,None
ZIMU4842412,40_High_Cube,2026-08-27T15:01:00+00:00,Gate,None,None,None
MSKU2019905,20_Standard,2026-08-27T15:01:00+00:00,Gate,None,None,None
SUDU3225946,40_High_Cube,2026-08-27T15:02:00+00:00,Gate,None,None,None
EMCU2040571,20_Standard,2026-08-27T15:07:00+00:00,Gate,None,None,None
MSKU1917263,40_High_Cube,2026-08-27T15:08:00+00:00,Gate,None,None,None
MSKU3231307,20_Standard,2026-08-27T15:09:00+00:00,Gate,None,None,None
SCHU5139111,53_Dry_Van,2026-08-27T15:12:00+00:00,Gate,None,None,None
HLCU2496290,40_High_Cube,2026-08-27T15:13:00+00:00,Gate,None,None,None
HLCU2357187,40_High_Cube,2026-08-27T15:13:00+00:00,Gate,None,None,None
APLU6912812,20_Standard,2026-08-27T15:13:00+00:00,Gate,None,None,None
SCHU4420783,53_Dry_Van,2026-08-27T15:15:00+00:00,Gate,None,None,None
JBHU3093047,53_Dry_Van,2026-08-27T15:16:00+00:00,Gate,None,None,None
APLU5038338,40_High_Cube,2026-08-27T15:18:00+00:00,Gate,None,None,None
SUDU5277532,20_Standard,2026-08-27T15:18:00+00:00,Gate,None,None,None
JBHU2692441,53_Dry_Van,2026-08-27T15:20:00+00:00,Gate,None,None,None
APLU9984143,20_Standard,2026-08-27T15:22:00+00:00,Gate,None,None,None
SUDU2086342,40_High_Cube,2026-08-27T15:24:00+00:00,Gate,None,None,None
SCHU7367131,53_Dry_Van,2026-08-27T15:27:00+00:00,Gate,None,None,None
JBHU1407956,53_Dry_Van,2026-08-27T15:31:00+00:00,Gate,None,None,None
EMCU4852466,40_High_Cube,2026-08-27T15:32:00+00:00,Gate,None,None,None
ZIMU4483061,20_Standard,2026-08-27T15:32:00+00:00,Gate,None,None,None
JBHU2010217,53_Dry_Van,2026-08-27T15:42:00+00:00,Gate,None,None,None
EMCU3286256,20_Standard,2026-08-27T15:42:00+00:00,Gate,None,None,None
ZIMU6555685,40_High_Cube,2026-08-27T15:44:00+00:00,Gate,None,None,None
SUDU3801933,40_High_Cube,2026-08-27T15:48:00+00:00,Gate,None,None,None
MSKU8167319,40_High_Cube,2026-08-27T15:51:00+00:00,Gate,None,None,None
MSKU1713552,40_High_Cube,2026-08-27T15:53:00+00:00,Gate,None,None,None
MSKU5968459,40_High_Cube,2026-08-27T15:54:00+00:00,Gate,None,None,None
SUDU9608006,20_Standard,2026-08-27T15:55:00+00:00,Gate,None,None,None
MSKU3781767,40_High_Cube,2026-08-27T15:58:00+00:00,Gate,None,None,None
HLCU7544386,40_High_Cube,2026-08-27T16:05:00+00:00,Gate,None,None,None
SCHU9156267,53_Dry_Van,2026-08-27T16:05:00+00:00,Gate,None,None,None
EMCU2910096,20_Standard,2026-08-27T16:18:00+00:00,Gate,None,None,None
EMCU9425765,20_Standard,2026-08-27T16:19:00+00:00,Gate,None,None,None
JBHU3248581,53_Dry_Van,2026-08-27T16:20:00+00:00,Gate,None,None,None
SUDU1776019,40_High_Cube,2026-08-27T16:24:00+00:00,Gate,None,None,None
JBHU7401805,53_Dry_Van,2026-08-27T16:37:00+00:00,Gate,None,None,None
JBHU5387565,53_Dry_Van,2026-08-27T16:37:00+00:00,Gate,None,None,None
SUDU2137666,40_High_Cube,2026-08-27T16:38:00+00:00,Gate,None,None,None
EMCU8006810,40_High_Cube,2026-08-27T16:43:00+00:00,Gate,None,None,None
SCHU6442225,53_Dry_Van,2026-08-27T16:48:00+00:00,Gate,None,None,None
EMCU4628883,20_Standard,2026-08-27T16:49:00+00:00,Gate,None,None,None
EMCU2249279,40_High_Cube,2026-08-27T17:15:00+00:00,Gate,None,None,None
SUDU2868613,40_High_Cube,2026-08-27T17:27:00+00:00,Gate,None,None,None
ZIMU1147145,20_Standard,2026-08-27T17:58:00+00:00,Gate,None,None,None
JBHU6700308,53_Dry_Van,2026-08-27T18:00:00+00:00,Rail,TTZX435414,Single,None
SCHU4118270,53_Dry_Van,2026-08-27T18:01:00+00:00,Rail,TTZX848002,Single,None
JBHU8196069,53_Dry_Van,2026-08-27T18:02:00+00:00,Rail,TTZX332893,Single,None
SUDU1745152,40_High_Cube,2026-08-27T18:03:00+00:00,Rail,TTZX798952,Bottom,SUDU4518830
SUDU4518830,40_High_Cube,2026-08-27T18:03:00+00:00,Rail,TTZX798952,Top,None
SCHU7942400,53_Dry_Van,2026-08-27T18:03:00+00:00,Rail,TTZX793508,Single,None
SUDU6412806,20_Standard,2026-08-27T18:10:00+00:00,Rail,TTZX480141,Bottom,ZIMU3664640
ZIMU3664640,20_Standard,2026-08-27T18:10:00+00:00,Rail,TTZX480141,Top,None
SCHU2226660,53_Dry_Van,2026-08-27T18:11:00+00:00,Rail,TTZX799311,Single,None
ZIMU3818427,20_Standard,2026-08-27T18:15:00+00:00,Rail,TTZX694778,Bottom,ZIMU5116944
ZIMU5116944,40_High_Cube,2026-08-27T18:15:00+00:00,Rail,TTZX694778,Top,None
SCHU5242080,53_Dry_Van,2026-08-27T18:15:00+00:00,Rail,TTZX343341,Single,None
JBHU2655052,53_Dry_Van,2026-08-27T18:15:00+00:00,Rail,TTZX720137,Single,None
EMCU5216556,40_High_Cube,2026-08-27T18:21:00+00:00,Rail,TTZX862742,Bottom,SUDU7059273
SUDU7059273,20_Standard,2026-08-27T18:21:00+00:00,Rail,TTZX862742,Top,None
EMCU3989367,40_High_Cube,2026-08-27T18:23:00+00:00,Rail,TTZX801475,Bottom,SUDU6998030
SUDU6998030,40_High_Cube,2026-08-27T18:23:00+00:00,Rail,TTZX801475,Top,None
SCHU3342813,53_Dry_Van,2026-08-27T18:23:00+00:00,Rail,TTZX966909,Single,None
SCHU8291914,53_Dry_Van,2026-08-27T18:23:00+00:00,Rail,TTZX186912,Single,None
HLCU3527708,40_High_Cube,2026-08-27T18:25:00+00:00,Rail,TTZX605284,Bottom,EMCU4587491
EMCU4587491,40_High_Cube,2026-08-27T18:25:00+00:00,Rail,TTZX605284,Top,None
ZIMU1128947,40_High_Cube,2026-08-27T18:26:00+00:00,Rail,TTZX753270,Bottom,SUDU2632119
SUDU2632119,40_High_Cube,2026-08-27T18:26:00+00:00,Rail,TTZX753270,Top,None
ZIMU6897970,40_High_Cube,2026-08-27T18:27:00+00:00,Rail,TTZX642597,Bottom,ZIMU1071332
ZIMU1071332,40_High_Cube,2026-08-27T18:27:00+00:00,Rail,TTZX642597,Top,None
JBHU9372856,53_Dry_Van,2026-08-27T18:27:00+00:00,Rail,TTZX313961,Single,None
EMCU3298072,20_Standard,2026-08-27T18:27:00+00:00,Rail,TTZX165157,Bottom,HLCU2271930
HLCU2271930,40_High_Cube,2026-08-27T18:27:00+00:00,Rail,TTZX165157,Top,None
MSKU8823130,40_High_Cube,2026-08-27T18:27:00+00:00,Rail,TTZX545843,Bottom,ZIMU7674225
ZIMU7674225,40_High_Cube,2026-08-27T18:27:00+00:00,Rail,TTZX545843,Top,None
ZIMU8852574,40_High_Cube,2026-08-27T18:28:00+00:00,Rail,TTZX887212,Bottom,SUDU1807450
SUDU1807450,40_High_Cube,2026-08-27T18:28:00+00:00,Rail,TTZX887212,Top,None
MSKU2616500,40_High_Cube,2026-08-27T18:28:00+00:00,Rail,TTZX118003,Bottom,HLCU5636879
HLCU5636879,40_High_Cube,2026-08-27T18:28:00+00:00,Rail,TTZX118003,Top,None
APLU1605156,40_High_Cube,2026-08-27T18:28:00+00:00,Rail,TTZX827916,Bottom,APLU5553786
APLU5553786,40_High_Cube,2026-08-27T18:28:00+00:00,Rail,TTZX827916,Top,None
JBHU2837777,53_Dry_Van,2026-08-27T18:29:00+00:00,Rail,TTZX101331,Single,None
HLCU8186327,40_High_Cube,2026-08-27T18:29:00+00:00,Rail,TTZX148714,Bottom,EMCU7392446
EMCU7392446,40_High_Cube,2026-08-27T18:29:00+00:00,Rail,TTZX148714,Top,None
APLU7365690,40_High_Cube,2026-08-27T18:30:00+00:00,Rail,TTZX152228,Bottom,HLCU6787611
HLCU6787611,40_High_Cube,2026-08-27T18:30:00+00:00,Rail,TTZX152228,Top,None
EMCU8599280,40_High_Cube,2026-08-27T18:31:00+00:00,Rail,TTZX806378,Bottom,EMCU5234729
EMCU5234729,20_Standard,2026-08-27T18:31:00+00:00,Rail,TTZX806378,Top,None
MSKU9575188,20_Standard,2026-08-27T18:32:00+00:00,Rail,TTZX211888,Bottom,SUDU7749160
SUDU7749160,40_High_Cube,2026-08-27T18:32:00+00:00,Rail,TTZX211888,Top,None
EMCU6356399,40_High_Cube,2026-08-27T18:32:00+00:00,Rail,TTZX332937,Bottom,ZIMU9071663
ZIMU9071663,20_Standard,2026-08-27T18:32:00+00:00,Rail,TTZX332937,Top,None
MSKU8828430,20_Standard,2026-08-27T18:33:00+00:00,Rail,TTZX964039,Bottom,MSKU1573281
MSKU1573281,20_Standard,2026-08-27T18:33:00+00:00,Rail,TTZX964039,Top,None
JBHU2165219,53_Dry_Van,2026-08-27T18:33:00+00:00,Rail,TTZX954943,Single,None
EMCU1666010,40_High_Cube,2026-08-27T18:35:00+00:00,Rail,TTZX934777,Bottom,SUDU4213528
SUDU4213528,40_High_Cube,2026-08-27T18:35:00+00:00,Rail,TTZX934777,Top,None
APLU5719291,20_Standard,2026-08-27T18:38:00+00:00,Rail,TTZX940420,Bottom,EMCU1561364
EMCU1561364,40_High_Cube,2026-08-27T18:38:00+00:00,Rail,TTZX940420,Top,None
SCHU3657050,53_Dry_Van,2026-08-27T18:39:00+00:00,Rail,TTZX676676,Single,None
ZIMU1838050,20_Standard,2026-08-27T18:39:00+00:00,Rail,TTZX778865,Bottom,SUDU9168247
SUDU9168247,40_High_Cube,2026-08-27T18:39:00+00:00,Rail,TTZX778865,Top,None
MSKU7275129,40_High_Cube,2026-08-27T18:39:00+00:00,Rail,TTZX140481,Bottom,ZIMU2856886
ZIMU2856886,20_Standard,2026-08-27T18:39:00+00:00,Rail,TTZX140481,Top,None
APLU9749993,20_Standard,2026-08-27T18:42:00+00:00,Rail,TTZX166535,Bottom,HLCU7332453
HLCU7332453,40_High_Cube,2026-08-27T18:42:00+00:00,Rail,TTZX166535,Top,None
HLCU3227233,20_Standard,2026-08-27T18:43:00+00:00,Rail,TTZX814488,Bottom,ZIMU3886484
ZIMU3886484,40_High_Cube,2026-08-27T18:43:00+00:00,Rail,TTZX814488,Top,None
SCHU5292244,53_Dry_Van,2026-08-27T18:44:00+00:00,Rail,TTZX981567,Single,None
JBHU9678390,53_Dry_Van,2026-08-27T18:45:00+00:00,Rail,TTZX472520,Single,None
APLU3750507,40_High_Cube,2026-08-27T18:47:00+00:00,Rail,TTZX937287,Bottom,APLU1911290
APLU1911290,40_High_Cube,2026-08-27T18:47:00+00:00,Rail,TTZX937287,Top,None
SCHU5958120,53_Dry_Van,2026-08-27T18:49:00+00:00,Rail,TTZX920781,Single,None
JBHU4112579,53_Dry_Van,2026-08-27T18:52:00+00:00,Rail,TTZX473935,Single,None
SUDU4818139,40_High_Cube,2026-08-27T18:53:00+00:00,Rail,TTZX253943,Bottom,ZIMU6111762
ZIMU6111762,40_High_Cube,2026-08-27T18:53:00+00:00,Rail,TTZX253943,Top,None
HLCU5821964,40_High_Cube,2026-08-27T18:54:00+00:00,Rail,TTZX113026,Bottom,APLU8842951
APLU8842951,40_High_Cube,2026-08-27T18:54:00+00:00,Rail,TTZX113026,Top,None
APLU4974219,40_High_Cube,2026-08-27T18:56:00+00:00,Rail,TTZX718048,Bottom,APLU7693302
APLU7693302,20_Standard,2026-08-27T18:56:00+00:00,Rail,TTZX718048,Top,None
SCHU2968485,53_Dry_Van,2026-08-27T18:56:00+00:00,Rail,TTZX587282,Single,None
HLCU3694942,40_High_Cube,2026-08-27T18:57:00+00:00,Rail,TTZX171182,Bottom,APLU2337654
APLU2337654,40_High_Cube,2026-08-27T18:57:00+00:00,Rail,TTZX171182,Top,None
SUDU4221272,20_Standard,2026-08-27T18:59:00+00:00,Rail,TTZX661695,Bottom,MSKU3814990
MSKU3814990,40_High_Cube,2026-08-27T18:59:00+00:00,Rail,TTZX661695,Top,None
SCHU7416956,53_Dry_Van,2026-08-27T18:59:00+00:00,Rail,TTZX632260,Single,None
APLU5433420,20_Standard,2026-08-27T19:01:00+00:00,Rail,TTZX190639,Bottom,EMCU1856853
EMCU1856853,40_High_Cube,2026-08-27T19:01:00+00:00,Rail,TTZX190639,Top,None
HLCU5116250,40_High_Cube,2026-08-27T19:01:00+00:00,Rail,TTZX405181,Bottom,ZIMU5538580
ZIMU5538580,20_Standard,2026-08-27T19:01:00+00:00,Rail,TTZX405181,Top,None
JBHU7677579,53_Dry_Van,2026-08-27T19:02:00+00:00,Rail,TTZX345709,Single,None
ZIMU2530734,40_High_Cube,2026-08-27T19:03:00+00:00,Rail,TTZX509506,Bottom,MSKU2680330
MSKU2680330,40_High_Cube,2026-08-27T19:03:00+00:00,Rail,TTZX509506,Top,None
JBHU8002918,53_Dry_Van,2026-08-27T19:07:00+00:00,Rail,TTZX959297,Single,None
JBHU6198822,53_Dry_Van,2026-08-27T19:08:00+00:00,Rail,TTZX267562,Single,None
SUDU8710841,20_Standard,2026-08-27T19:09:00+00:00,Rail,TTZX840128,Bottom,APLU8355634
APLU8355634,40_High_Cube,2026-08-27T19:09:00+00:00,Rail,TTZX840128,Top,None
MSKU9366280,40_High_Cube,2026-08-27T19:09:00+00:00,Rail,TTZX151090,Bottom,ZIMU7973139
ZIMU7973139,40_High_Cube,2026-08-27T19:09:00+00:00,Rail,TTZX151090,Top,None
ZIMU6615233,40_High_Cube,2026-08-27T19:10:00+00:00,Rail,TTZX848492,Bottom,ZIMU4616550
ZIMU4616550,40_High_Cube,2026-08-27T19:10:00+00:00,Rail,TTZX848492,Top,None
EMCU2431787,40_High_Cube,2026-08-27T19:15:00+00:00,Rail,TTZX730578,Bottom,SUDU8619238
SUDU8619238,20_Standard,2026-08-27T19:15:00+00:00,Rail,TTZX730578,Top,None
SCHU9645669,53_Dry_Van,2026-08-27T19:17:00+00:00,Rail,TTZX604597,Single,None
JBHU3274744,53_Dry_Van,2026-08-27T19:18:00+00:00,Rail,TTZX962356,Single,None
SCHU9663071,53_Dry_Van,2026-08-27T19:19:00+00:00,Rail,TTZX707292,Single,None
JBHU7996909,53_Dry_Van,2026-08-27T19:26:00+00:00,Rail,TTZX997863,Single,None
EMCU7953742,40_High_Cube,2026-08-27T19:26:00+00:00,Rail,TTZX105837,Bottom,MSKU9190334
MSKU9190334,40_High_Cube,2026-08-27T19:26:00+00:00,Rail,TTZX105837,Top,None
APLU9671597,40_High_Cube,2026-08-27T19:27:00+00:00,Rail,TTZX307675,Bottom,HLCU2909100
HLCU2909100,40_High_Cube,2026-08-27T19:27:00+00:00,Rail,TTZX307675,Top,None
EMCU8762972,40_High_Cube,2026-08-27T19:27:00+00:00,Rail,TTZX632075,Bottom,HLCU1128972
HLCU1128972,40_High_Cube,2026-08-27T19:27:00+00:00,Rail,TTZX632075,Top,None
SUDU2773729,40_High_Cube,2026-08-27T19:29:00+00:00,Rail,TTZX155827,Bottom,ZIMU1297084
ZIMU1297084,20_Standard,2026-08-27T19:29:00+00:00,Rail,TTZX155827,Top,None
APLU3514420,40_High_Cube,2026-08-27T19:32:00+00:00,Rail,TTZX471568,Bottom,ZIMU3872140
ZIMU3872140,40_High_Cube,2026-08-27T19:32:00+00:00,Rail,TTZX471568,Top,None
EMCU3873280,20_Standard,2026-08-27T19:32:00+00:00,Rail,TTZX298177,Bottom,ZIMU4780141
ZIMU4780141,40_High_Cube,2026-08-27T19:32:00+00:00,Rail,TTZX298177,Top,None
HLCU2827660,20_Standard,2026-08-27T19:33:00+00:00,Rail,TTZX577986,Bottom,MSKU9175134
MSKU9175134,40_High_Cube,2026-08-27T19:33:00+00:00,Rail,TTZX577986,Top,None
ZIMU4776389,40_High_Cube,2026-08-27T19:34:00+00:00,Rail,TTZX617179,Bottom,ZIMU7140718
ZIMU7140718,40_High_Cube,2026-08-27T19:34:00+00:00,Rail,TTZX617179,Top,None
SUDU8413421,40_High_Cube,2026-08-27T19:35:00+00:00,Rail,TTZX276221,Bottom,HLCU2479924
HLCU2479924,40_High_Cube,2026-08-27T19:35:00+00:00,Rail,TTZX276221,Top,None
EMCU5400579,40_High_Cube,2026-08-27T19:37:00+00:00,Rail,TTZX132306,Bottom,APLU1210372
APLU1210372,20_Standard,2026-08-27T19:37:00+00:00,Rail,TTZX132306,Top,None
JBHU6475568,53_Dry_Van,2026-08-27T19:38:00+00:00,Rail,TTZX437409,Single,None
JBHU8634632,53_Dry_Van,2026-08-27T19:39:00+00:00,Rail,TTZX343245,Single,None
APLU9587995,40_High_Cube,2026-08-27T19:39:00+00:00,Rail,TTZX100619,Bottom,APLU5459975
APLU5459975,40_High_Cube,2026-08-27T19:39:00+00:00,Rail,TTZX100619,Top,None
SCHU9313710,53_Dry_Van,2026-08-27T19:41:00+00:00,Rail,TTZX255658,Single,None
APLU5473470,40_High_Cube,2026-08-27T19:44:00+00:00,Rail,TTZX887575,Bottom,EMCU3308102
EMCU3308102,40_High_Cube,2026-08-27T19:44:00+00:00,Rail,TTZX887575,Top,None
SCHU7052406,53_Dry_Van,2026-08-27T19:44:00+00:00,Rail,TTZX534737,Single,None
APLU3546896,20_Standard,2026-08-27T19:44:00+00:00,Rail,TTZX909001,Bottom,ZIMU8870979
ZIMU8870979,20_Standard,2026-08-27T19:44:00+00:00,Rail,TTZX909001,Top,None
ZIMU5376371,20_Standard,2026-08-27T19:45:00+00:00,Rail,TTZX972546,Bottom,EMCU5317470
EMCU5317470,40_High_Cube,2026-08-27T19:45:00+00:00,Rail,TTZX972546,Top,None
SUDU5379792,20_Standard,2026-08-27T19:45:00+00:00,Rail,TTZX833234,Bottom,HLCU6893629
HLCU6893629,40_High_Cube,2026-08-27T19:45:00+00:00,Rail,TTZX833234,Top,None
SCHU5670278,53_Dry_Van,2026-08-27T19:46:00+00:00,Rail,TTZX541144,Single,None
MSKU4554496,40_High_Cube,2026-08-27T19:50:00+00:00,Rail,TTZX231654,Bottom,MSKU2683956
MSKU2683956,40_High_Cube,2026-08-27T19:50:00+00:00,Rail,TTZX231654,Top,None
SCHU4027246,53_Dry_Van,2026-08-27T19:52:00+00:00,Rail,TTZX948606,Single,None
SCHU7554976,53_Dry_Van,2026-08-27T19:52:00+00:00,Rail,TTZX421115,Single,None
JBHU2998920,53_Dry_Van,2026-08-27T19:54:00+00:00,Rail,TTZX178373,Single,None
